<BackupInst xmlns="http://www.microsoft.com/GroupPolicy/GPOOperations/Manifest"><GPOGuid><![CDATA[{6B85DC7E-D0E8-4C10-8C69-5BA5A3DB6015}]]></GPOGuid><GPODomain><![CDATA[domain.local]]></GPODomain><GPODomainGuid><![CDATA[{abb3afb4-7faf-4833-82e1-b5275b710560}]]></GPODomainGuid><GPODomainController><![CDATA[dc01.domain.local]]></GPODomainController><BackupTime><![CDATA[2023-04-20T13:17:01]]></BackupTime><ID><![CDATA[{90CF6CF6-D8B8-4C60-9FFD-63169C98F4D9}]]></ID><Comment><![CDATA[]]></Comment><GPODisplayName><![CDATA[WindowsLAPS]]></GPODisplayName></BackupInst>
